# This file is generated on 06-Dec-2021 at 11:47:10 and contains for each site, each satellite, frequency:
# att_vap = attenuation due to water vapor (dB).
# All parameters are computed by: ITU-R P.676-8 model general method.
# Attenuation due to water vapor results are sorted acording to the site identification number:
#    _ 1 = Budapest (Lat = 4.7498e+01 deg, Lon = 1.9040e+01 deg, Alt = 5.2700e-01 km)
# Stored values are organised as follow:
# Site number, Satellite number, Frequency (GHz), Elevation angle (deg), Elevation probability (), att_vap (dB)
1, 1, 3.7500e+01, 5.5000e+01, 1.0000e+00, 1.1677e-01
1, 2, 3.7500e+01, 6.0000e+01, 1.0000e+00, 1.1045e-01
1, 3, 3.7500e+01, 6.5000e+01, 1.0000e+00, 1.0555e-01
1, 4, 3.7500e+01, 7.0000e+01, 1.0000e+00, 1.0180e-01
1, 5, 3.7500e+01, 7.5000e+01, 1.0000e+00, 9.9034e-02
1, 6, 3.7500e+01, 8.0000e+01, 1.0000e+00, 9.7136e-02
1, 7, 3.7500e+01, 8.5000e+01, 1.0000e+00, 9.6026e-02
1, 8, 3.7500e+01, 9.0000e+01, 1.0000e+00, 9.5661e-02
