# This file is generated on 28-Nov-2021 at 22:05:47 and contains for each site:
# press = air total pressure (hPa); temp = air temperature (K); vap = water vapour density (g/m^3) and hl = height level of reference amsl (km).
# All parameters are computed by: ITU-R P.835-4 model on Mean annual period.
# Atmospheric results are sorted acording to the site identification number:
#    _ 1 = Kaena (Lat = 2.1330e+01 deg, Lon = -1.5814e+02 deg, Alt = 4.6000e-01 km)
# Stored values are organised as follow:
# Site number, height level of reference amsl (km), press (hPa), temp (K), vap (g/m^3)
1, 4.6000e-01, 9.5910e+02, 2.8516e+02, 5.9590e+00
