# This file is generated on 28-Nov-2021 at 22:06:53 and contains for each site:
# att_oxy = attenuation due to oxygen (dB).
# All parameters are computed by: ITU-R P.676-8 model general method.
# Attenuation due to oxygen results are sorted acording to the site identification number:
#    _ 1 = Kaena (Lat = 2.1330e+01 deg, Lon = -1.5814e+02 deg, Alt = 4.6000e-01 km)
# Stored values are organised as follow:
# Site number, Satellite number, freq (GHz), elev (deg), prob_elev, att_oxy (dB)
1, 1, 7.5000e+01, 5.5000e+01, 1.0000e+00, 5.7357e-01
1, 2, 7.5000e+01, 6.0000e+01, 1.0000e+00, 5.4257e-01
1, 3, 7.5000e+01, 6.5000e+01, 1.0000e+00, 5.1849e-01
1, 4, 7.5000e+01, 7.0000e+01, 1.0000e+00, 5.0010e-01
1, 5, 7.5000e+01, 7.5000e+01, 1.0000e+00, 4.8654e-01
1, 6, 7.5000e+01, 8.0000e+01, 1.0000e+00, 4.7722e-01
1, 7, 7.5000e+01, 8.5000e+01, 1.0000e+00, 4.7177e-01
1, 8, 7.5000e+01, 9.0000e+01, 1.0000e+00, 4.6998e-01
