# This file is generated on 06-Dec-2021 at 11:29:41 and contains for each site, each satellite, frequency:
# att_rain = attenuation due to rain (dB); hr = mean rain height above sea level (km); R001 = Rain rate for 0.01 percente time of average year; k = k factor for rain attenuation; alpha = alpha factor for rain attenuation.
# All parameters are computed by: ITU-R P.618-10 model.
# Attenuation due to clouds results are sorted acording to the site identification number:
#    _ 1 = Budapest (Lat = 4.7498e+01 deg, Lon = 1.9040e+01 deg, Alt = 5.2700e-01 km)
# Stored values are organised as follow:
# Site number, Satellite number, Frequency (GHz), Elevation angle (deg), Elevation probability (), Time exceeded (%), hr (km), R001 (mm/h), k, alpha, att_rain (dB)
1, 1, 7.5000e+01, 5.0000e+00, 1.0000e+00, 5.0000e-04, 3.0161e+00, 3.5896e+01, 1.1024e+00, 7.1656e-01, 3.1576e+02
1, 1, 7.5000e+01, 5.0000e+00, 1.0000e+00, 1.0000e-03, 3.0161e+00, 3.5896e+01, 1.1024e+00, 7.1656e-01, 2.9629e+02
1, 1, 7.5000e+01, 5.0000e+00, 1.0000e+00, 3.0000e-03, 3.0161e+00, 3.5896e+01, 1.1024e+00, 7.1656e-01, 2.5101e+02
1, 1, 7.5000e+01, 5.0000e+00, 1.0000e+00, 5.0000e-03, 3.0161e+00, 3.5896e+01, 1.1024e+00, 7.1656e-01, 2.2616e+02
1, 1, 7.5000e+01, 5.0000e+00, 1.0000e+00, 1.0000e-02, 3.0161e+00, 3.5896e+01, 1.1024e+00, 7.1656e-01, 1.9100e+02
1, 1, 7.5000e+01, 5.0000e+00, 1.0000e+00, 1.6000e-02, 3.0161e+00, 3.5896e+01, 1.1024e+00, 7.1656e-01, 1.6727e+02
1, 1, 7.5000e+01, 5.0000e+00, 1.0000e+00, 2.7000e-02, 3.0161e+00, 3.5896e+01, 1.1024e+00, 7.1656e-01, 1.4186e+02
1, 1, 7.5000e+01, 5.0000e+00, 1.0000e+00, 4.5000e-02, 3.0161e+00, 3.5896e+01, 1.1024e+00, 7.1656e-01, 1.1869e+02
1, 1, 7.5000e+01, 5.0000e+00, 1.0000e+00, 7.7000e-02, 3.0161e+00, 3.5896e+01, 1.1024e+00, 7.1656e-01, 9.6583e+01
1, 1, 7.5000e+01, 5.0000e+00, 1.0000e+00, 1.3000e-01, 3.0161e+00, 3.5896e+01, 1.1024e+00, 7.1656e-01, 7.7566e+01
1, 1, 7.5000e+01, 5.0000e+00, 1.0000e+00, 2.1000e-01, 3.0161e+00, 3.5896e+01, 1.1024e+00, 7.1656e-01, 6.2456e+01
1, 1, 7.5000e+01, 5.0000e+00, 1.0000e+00, 3.5000e-01, 3.0161e+00, 3.5896e+01, 1.1024e+00, 7.1656e-01, 4.8763e+01
1, 1, 7.5000e+01, 5.0000e+00, 1.0000e+00, 6.0000e-01, 3.0161e+00, 3.5896e+01, 1.1024e+00, 7.1656e-01, 3.6862e+01
1, 1, 7.5000e+01, 5.0000e+00, 1.0000e+00, 9.5000e-01, 3.0161e+00, 3.5896e+01, 1.1024e+00, 7.1656e-01, 2.8602e+01
1, 1, 7.5000e+01, 5.0000e+00, 1.0000e+00, 1.7000e+00, 3.0161e+00, 3.5896e+01, 1.1024e+00, 7.1656e-01, 2.0332e+01
1, 1, 7.5000e+01, 5.0000e+00, 1.0000e+00, 3.0000e+00, 3.0161e+00, 3.5896e+01, 1.1024e+00, 7.1656e-01, 1.4262e+01
1, 1, 7.5000e+01, 5.0000e+00, 1.0000e+00, 5.1000e+00, 3.0161e+00, 3.5896e+01, 1.1024e+00, 7.1656e-01, 1.0045e+01
1, 1, 7.5000e+01, 5.0000e+00, 1.0000e+00, 8.3000e+00, 3.0161e+00, 3.5896e+01, 1.1024e+00, 7.1656e-01, 7.1630e+00
1, 1, 7.5000e+01, 5.0000e+00, 1.0000e+00, 1.2000e+01, 3.0161e+00, 3.5896e+01, 1.1024e+00, 7.1656e-01, 5.4882e+00
1, 1, 7.5000e+01, 5.0000e+00, 1.0000e+00, 1.9000e+01, 3.0161e+00, 3.5896e+01, 1.1024e+00, 7.1656e-01, 3.8886e+00
1, 1, 7.5000e+01, 5.0000e+00, 1.0000e+00, 3.0000e+01, 3.0161e+00, 3.5896e+01, 1.1024e+00, 7.1656e-01, 2.7231e+00
1, 1, 7.5000e+01, 5.0000e+00, 1.0000e+00, 4.0000e+01, 3.0161e+00, 3.5896e+01, 1.1024e+00, 7.1656e-01, 2.1604e+00
1, 1, 7.5000e+01, 5.0000e+00, 1.0000e+00, 5.0000e+01, 3.0161e+00, 3.5896e+01, 1.1024e+00, 7.1656e-01, 1.7986e+00
1, 1, 7.5000e+01, 5.0000e+00, 1.0000e+00, 6.0000e+01, 3.0161e+00, 3.5896e+01, 1.1024e+00, 7.1656e-01, 1.5446e+00
1, 1, 7.5000e+01, 5.0000e+00, 1.0000e+00, 7.0000e+01, 3.0161e+00, 3.5896e+01, 1.1024e+00, 7.1656e-01, 1.3558e+00
1, 1, 7.5000e+01, 5.0000e+00, 1.0000e+00, 8.0000e+01, 3.0161e+00, 3.5896e+01, 1.1024e+00, 7.1656e-01, 1.2094e+00
1, 1, 7.5000e+01, 5.0000e+00, 1.0000e+00, 9.9990e+01, 3.0161e+00, 3.5896e+01, 1.1024e+00, 7.1656e-01, 9.9674e-01
1, 2, 7.5000e+01, 1.0000e+01, 1.0000e+00, 5.0000e-04, 3.0161e+00, 3.5896e+01, 1.1024e+00, 7.1656e-01, 2.2941e+02
1, 2, 7.5000e+01, 1.0000e+01, 1.0000e+00, 1.0000e-03, 3.0161e+00, 3.5896e+01, 1.1024e+00, 7.1656e-01, 2.1280e+02
1, 2, 7.5000e+01, 1.0000e+01, 1.0000e+00, 3.0000e-03, 3.0161e+00, 3.5896e+01, 1.1024e+00, 7.1656e-01, 1.7702e+02
1, 2, 7.5000e+01, 1.0000e+01, 1.0000e+00, 5.0000e-03, 3.0161e+00, 3.5896e+01, 1.1024e+00, 7.1656e-01, 1.5814e+02
1, 2, 7.5000e+01, 1.0000e+01, 1.0000e+00, 1.0000e-02, 3.0161e+00, 3.5896e+01, 1.1024e+00, 7.1656e-01, 1.3203e+02
1, 2, 7.5000e+01, 1.0000e+01, 1.0000e+00, 1.6000e-02, 3.0161e+00, 3.5896e+01, 1.1024e+00, 7.1656e-01, 1.1473e+02
1, 2, 7.5000e+01, 1.0000e+01, 1.0000e+00, 2.7000e-02, 3.0161e+00, 3.5896e+01, 1.1024e+00, 7.1656e-01, 9.6453e+01
1, 2, 7.5000e+01, 1.0000e+01, 1.0000e+00, 4.5000e-02, 3.0161e+00, 3.5896e+01, 1.1024e+00, 7.1656e-01, 8.0017e+01
1, 2, 7.5000e+01, 1.0000e+01, 1.0000e+00, 7.7000e-02, 3.0161e+00, 3.5896e+01, 1.1024e+00, 7.1656e-01, 6.4537e+01
1, 2, 7.5000e+01, 1.0000e+01, 1.0000e+00, 1.3000e-01, 3.0161e+00, 3.5896e+01, 1.1024e+00, 7.1656e-01, 5.1380e+01
1, 2, 7.5000e+01, 1.0000e+01, 1.0000e+00, 2.1000e-01, 3.0161e+00, 3.5896e+01, 1.1024e+00, 7.1656e-01, 4.1043e+01
1, 2, 7.5000e+01, 1.0000e+01, 1.0000e+00, 3.5000e-01, 3.0161e+00, 3.5896e+01, 1.1024e+00, 7.1656e-01, 3.1774e+01
1, 2, 7.5000e+01, 1.0000e+01, 1.0000e+00, 6.0000e-01, 3.0161e+00, 3.5896e+01, 1.1024e+00, 7.1656e-01, 2.3805e+01
1, 2, 7.5000e+01, 1.0000e+01, 1.0000e+00, 9.5000e-01, 3.0161e+00, 3.5896e+01, 1.1024e+00, 7.1656e-01, 1.8330e+01
1, 2, 7.5000e+01, 1.0000e+01, 1.0000e+00, 1.7000e+00, 3.0161e+00, 3.5896e+01, 1.1024e+00, 7.1656e-01, 1.2905e+01
1, 2, 7.5000e+01, 1.0000e+01, 1.0000e+00, 3.0000e+00, 3.0161e+00, 3.5896e+01, 1.1024e+00, 7.1656e-01, 8.9670e+00
1, 2, 7.5000e+01, 1.0000e+01, 1.0000e+00, 5.1000e+00, 3.0161e+00, 3.5896e+01, 1.1024e+00, 7.1656e-01, 6.2600e+00
1, 2, 7.5000e+01, 1.0000e+01, 1.0000e+00, 8.3000e+00, 3.0161e+00, 3.5896e+01, 1.1024e+00, 7.1656e-01, 4.4282e+00
1, 2, 7.5000e+01, 1.0000e+01, 1.0000e+00, 1.2000e+01, 3.0161e+00, 3.5896e+01, 1.1024e+00, 7.1656e-01, 3.3721e+00
1, 2, 7.5000e+01, 1.0000e+01, 1.0000e+00, 1.9000e+01, 3.0161e+00, 3.5896e+01, 1.1024e+00, 7.1656e-01, 2.3711e+00
1, 2, 7.5000e+01, 1.0000e+01, 1.0000e+00, 3.0000e+01, 3.0161e+00, 3.5896e+01, 1.1024e+00, 7.1656e-01, 1.6478e+00
1, 2, 7.5000e+01, 1.0000e+01, 1.0000e+00, 4.0000e+01, 3.0161e+00, 3.5896e+01, 1.1024e+00, 7.1656e-01, 1.3011e+00
1, 2, 7.5000e+01, 1.0000e+01, 1.0000e+00, 5.0000e+01, 3.0161e+00, 3.5896e+01, 1.1024e+00, 7.1656e-01, 1.0792e+00
1, 2, 7.5000e+01, 1.0000e+01, 1.0000e+00, 6.0000e+01, 3.0161e+00, 3.5896e+01, 1.1024e+00, 7.1656e-01, 9.2402e-01
1, 2, 7.5000e+01, 1.0000e+01, 1.0000e+00, 7.0000e+01, 3.0161e+00, 3.5896e+01, 1.1024e+00, 7.1656e-01, 8.0898e-01
1, 2, 7.5000e+01, 1.0000e+01, 1.0000e+00, 8.0000e+01, 3.0161e+00, 3.5896e+01, 1.1024e+00, 7.1656e-01, 7.2005e-01
1, 2, 7.5000e+01, 1.0000e+01, 1.0000e+00, 9.9990e+01, 3.0161e+00, 3.5896e+01, 1.1024e+00, 7.1656e-01, 5.9123e-01
1, 3, 7.5000e+01, 1.5000e+01, 1.0000e+00, 5.0000e-04, 3.0161e+00, 3.5896e+01, 1.1024e+00, 7.1656e-01, 1.9098e+02
1, 3, 7.5000e+01, 1.5000e+01, 1.0000e+00, 1.0000e-03, 3.0161e+00, 3.5896e+01, 1.1024e+00, 7.1656e-01, 1.7598e+02
1, 3, 7.5000e+01, 1.5000e+01, 1.0000e+00, 3.0000e-03, 3.0161e+00, 3.5896e+01, 1.1024e+00, 7.1656e-01, 1.4487e+02
1, 3, 7.5000e+01, 1.5000e+01, 1.0000e+00, 5.0000e-03, 3.0161e+00, 3.5896e+01, 1.1024e+00, 7.1656e-01, 1.2879e+02
1, 3, 7.5000e+01, 1.5000e+01, 1.0000e+00, 1.0000e-02, 3.0161e+00, 3.5896e+01, 1.1024e+00, 7.1656e-01, 1.0681e+02
1, 3, 7.5000e+01, 1.5000e+01, 1.0000e+00, 1.6000e-02, 3.0161e+00, 3.5896e+01, 1.1024e+00, 7.1656e-01, 9.2404e+01
1, 3, 7.5000e+01, 1.5000e+01, 1.0000e+00, 2.7000e-02, 3.0161e+00, 3.5896e+01, 1.1024e+00, 7.1656e-01, 7.7299e+01
1, 3, 7.5000e+01, 1.5000e+01, 1.0000e+00, 4.5000e-02, 3.0161e+00, 3.5896e+01, 1.1024e+00, 7.1656e-01, 6.3816e+01
1, 3, 7.5000e+01, 1.5000e+01, 1.0000e+00, 7.7000e-02, 3.0161e+00, 3.5896e+01, 1.1024e+00, 7.1656e-01, 5.1206e+01
1, 3, 7.5000e+01, 1.5000e+01, 1.0000e+00, 1.3000e-01, 3.0161e+00, 3.5896e+01, 1.1024e+00, 7.1656e-01, 4.0564e+01
1, 3, 7.5000e+01, 1.5000e+01, 1.0000e+00, 2.1000e-01, 3.0161e+00, 3.5896e+01, 1.1024e+00, 7.1656e-01, 3.2255e+01
1, 3, 7.5000e+01, 1.5000e+01, 1.0000e+00, 3.5000e-01, 3.0161e+00, 3.5896e+01, 1.1024e+00, 7.1656e-01, 2.4850e+01
1, 3, 7.5000e+01, 1.5000e+01, 1.0000e+00, 6.0000e-01, 3.0161e+00, 3.5896e+01, 1.1024e+00, 7.1656e-01, 1.8522e+01
1, 3, 7.5000e+01, 1.5000e+01, 1.0000e+00, 9.5000e-01, 3.0161e+00, 3.5896e+01, 1.1024e+00, 7.1656e-01, 1.4200e+01
1, 3, 7.5000e+01, 1.5000e+01, 1.0000e+00, 1.7000e+00, 3.0161e+00, 3.5896e+01, 1.1024e+00, 7.1656e-01, 9.9419e+00
1, 3, 7.5000e+01, 1.5000e+01, 1.0000e+00, 3.0000e+00, 3.0161e+00, 3.5896e+01, 1.1024e+00, 7.1656e-01, 6.8707e+00
1, 3, 7.5000e+01, 1.5000e+01, 1.0000e+00, 5.1000e+00, 3.0161e+00, 3.5896e+01, 1.1024e+00, 7.1656e-01, 4.7723e+00
1, 3, 7.5000e+01, 1.5000e+01, 1.0000e+00, 8.3000e+00, 3.0161e+00, 3.5896e+01, 1.1024e+00, 7.1656e-01, 3.3602e+00
1, 3, 7.5000e+01, 1.5000e+01, 1.0000e+00, 1.2000e+01, 3.0161e+00, 3.5896e+01, 1.1024e+00, 7.1656e-01, 2.5498e+00
1, 3, 7.5000e+01, 1.5000e+01, 1.0000e+00, 1.9000e+01, 3.0161e+00, 3.5896e+01, 1.1024e+00, 7.1656e-01, 1.7851e+00
1, 3, 7.5000e+01, 1.5000e+01, 1.0000e+00, 3.0000e+01, 3.0161e+00, 3.5896e+01, 1.1024e+00, 7.1656e-01, 1.2352e+00
1, 3, 7.5000e+01, 1.5000e+01, 1.0000e+00, 4.0000e+01, 3.0161e+00, 3.5896e+01, 1.1024e+00, 7.1656e-01, 9.7262e-01
1, 3, 7.5000e+01, 1.5000e+01, 1.0000e+00, 5.0000e+01, 3.0161e+00, 3.5896e+01, 1.1024e+00, 7.1656e-01, 8.0501e-01
1, 3, 7.5000e+01, 1.5000e+01, 1.0000e+00, 6.0000e+01, 3.0161e+00, 3.5896e+01, 1.1024e+00, 7.1656e-01, 6.8806e-01
1, 3, 7.5000e+01, 1.5000e+01, 1.0000e+00, 7.0000e+01, 3.0161e+00, 3.5896e+01, 1.1024e+00, 7.1656e-01, 6.0151e-01
1, 3, 7.5000e+01, 1.5000e+01, 1.0000e+00, 8.0000e+01, 3.0161e+00, 3.5896e+01, 1.1024e+00, 7.1656e-01, 5.3471e-01
1, 3, 7.5000e+01, 1.5000e+01, 1.0000e+00, 9.9990e+01, 3.0161e+00, 3.5896e+01, 1.1024e+00, 7.1656e-01, 4.3811e-01
1, 4, 7.5000e+01, 2.0000e+01, 1.0000e+00, 5.0000e-04, 3.0161e+00, 3.5896e+01, 1.1024e+00, 7.1656e-01, 1.6881e+02
1, 4, 7.5000e+01, 2.0000e+01, 1.0000e+00, 1.0000e-03, 3.0161e+00, 3.5896e+01, 1.1024e+00, 7.1656e-01, 1.5487e+02
1, 4, 7.5000e+01, 2.0000e+01, 1.0000e+00, 3.0000e-03, 3.0161e+00, 3.5896e+01, 1.1024e+00, 7.1656e-01, 1.2659e+02
1, 4, 7.5000e+01, 2.0000e+01, 1.0000e+00, 5.0000e-03, 3.0161e+00, 3.5896e+01, 1.1024e+00, 7.1656e-01, 1.1217e+02
1, 4, 7.5000e+01, 2.0000e+01, 1.0000e+00, 1.0000e-02, 3.0161e+00, 3.5896e+01, 1.1024e+00, 7.1656e-01, 9.2619e+01
1, 4, 7.5000e+01, 2.0000e+01, 1.0000e+00, 1.6000e-02, 3.0161e+00, 3.5896e+01, 1.1024e+00, 7.1656e-01, 7.9882e+01
1, 4, 7.5000e+01, 2.0000e+01, 1.0000e+00, 2.7000e-02, 3.0161e+00, 3.5896e+01, 1.1024e+00, 7.1656e-01, 6.6600e+01
1, 4, 7.5000e+01, 2.0000e+01, 1.0000e+00, 4.5000e-02, 3.0161e+00, 3.5896e+01, 1.1024e+00, 7.1656e-01, 5.4803e+01
1, 4, 7.5000e+01, 2.0000e+01, 1.0000e+00, 7.7000e-02, 3.0161e+00, 3.5896e+01, 1.1024e+00, 7.1656e-01, 4.3823e+01
1, 4, 7.5000e+01, 2.0000e+01, 1.0000e+00, 1.3000e-01, 3.0161e+00, 3.5896e+01, 1.1024e+00, 7.1656e-01, 3.4599e+01
1, 4, 7.5000e+01, 2.0000e+01, 1.0000e+00, 2.1000e-01, 3.0161e+00, 3.5896e+01, 1.1024e+00, 7.1656e-01, 2.7427e+01
1, 4, 7.5000e+01, 2.0000e+01, 1.0000e+00, 3.5000e-01, 3.0161e+00, 3.5896e+01, 1.1024e+00, 7.1656e-01, 2.1061e+01
1, 4, 7.5000e+01, 2.0000e+01, 1.0000e+00, 6.0000e-01, 3.0161e+00, 3.5896e+01, 1.1024e+00, 7.1656e-01, 1.5644e+01
1, 4, 7.5000e+01, 2.0000e+01, 1.0000e+00, 9.5000e-01, 3.0161e+00, 3.5896e+01, 1.1024e+00, 7.1656e-01, 1.1958e+01
1, 4, 7.5000e+01, 2.0000e+01, 1.0000e+00, 1.7000e+00, 3.0161e+00, 3.5896e+01, 1.1024e+00, 7.1656e-01, 8.3411e+00
1, 4, 7.5000e+01, 2.0000e+01, 1.0000e+00, 3.0000e+00, 3.0161e+00, 3.5896e+01, 1.1024e+00, 7.1656e-01, 5.7434e+00
1, 4, 7.5000e+01, 2.0000e+01, 1.0000e+00, 5.1000e+00, 3.0161e+00, 3.5896e+01, 1.1024e+00, 7.1656e-01, 3.9758e+00
1, 4, 7.5000e+01, 2.0000e+01, 1.0000e+00, 8.3000e+00, 3.0161e+00, 3.5896e+01, 1.1024e+00, 7.1656e-01, 2.7906e+00
1, 4, 7.5000e+01, 2.0000e+01, 1.0000e+00, 1.2000e+01, 3.0161e+00, 3.5896e+01, 1.1024e+00, 7.1656e-01, 2.1126e+00
1, 4, 7.5000e+01, 2.0000e+01, 1.0000e+00, 1.9000e+01, 3.0161e+00, 3.5896e+01, 1.1024e+00, 7.1656e-01, 1.4746e+00
1, 4, 7.5000e+01, 2.0000e+01, 1.0000e+00, 3.0000e+01, 3.0161e+00, 3.5896e+01, 1.1024e+00, 7.1656e-01, 1.0174e+00
1, 4, 7.5000e+01, 2.0000e+01, 1.0000e+00, 4.0000e+01, 3.0161e+00, 3.5896e+01, 1.1024e+00, 7.1656e-01, 7.9964e-01
1, 4, 7.5000e+01, 2.0000e+01, 1.0000e+00, 5.0000e+01, 3.0161e+00, 3.5896e+01, 1.1024e+00, 7.1656e-01, 6.6089e-01
1, 4, 7.5000e+01, 2.0000e+01, 1.0000e+00, 6.0000e+01, 3.0161e+00, 3.5896e+01, 1.1024e+00, 7.1656e-01, 5.6422e-01
1, 4, 7.5000e+01, 2.0000e+01, 1.0000e+00, 7.0000e+01, 3.0161e+00, 3.5896e+01, 1.1024e+00, 7.1656e-01, 4.9276e-01
1, 4, 7.5000e+01, 2.0000e+01, 1.0000e+00, 8.0000e+01, 3.0161e+00, 3.5896e+01, 1.1024e+00, 7.1656e-01, 4.3766e-01
1, 4, 7.5000e+01, 2.0000e+01, 1.0000e+00, 9.9990e+01, 3.0161e+00, 3.5896e+01, 1.1024e+00, 7.1656e-01, 3.5808e-01
1, 5, 7.5000e+01, 2.5000e+01, 1.0000e+00, 5.0000e-04, 3.0161e+00, 3.5896e+01, 1.1024e+00, 7.1656e-01, 1.5448e+02
1, 5, 7.5000e+01, 2.5000e+01, 1.0000e+00, 1.0000e-03, 3.0161e+00, 3.5896e+01, 1.1024e+00, 7.1656e-01, 1.4127e+02
1, 5, 7.5000e+01, 2.5000e+01, 1.0000e+00, 3.0000e-03, 3.0161e+00, 3.5896e+01, 1.1024e+00, 7.1656e-01, 1.1489e+02
1, 5, 7.5000e+01, 2.5000e+01, 1.0000e+00, 5.0000e-03, 3.0161e+00, 3.5896e+01, 1.1024e+00, 7.1656e-01, 1.0157e+02
1, 5, 7.5000e+01, 2.5000e+01, 1.0000e+00, 1.0000e-02, 3.0161e+00, 3.5896e+01, 1.1024e+00, 7.1656e-01, 8.3592e+01
1, 5, 7.5000e+01, 2.5000e+01, 1.0000e+00, 1.6000e-02, 3.0161e+00, 3.5896e+01, 1.1024e+00, 7.1656e-01, 7.1941e+01
1, 5, 7.5000e+01, 2.5000e+01, 1.0000e+00, 2.7000e-02, 3.0161e+00, 3.5896e+01, 1.1024e+00, 7.1656e-01, 5.9834e+01
1, 5, 7.5000e+01, 2.5000e+01, 1.0000e+00, 4.5000e-02, 3.0161e+00, 3.5896e+01, 1.1024e+00, 7.1656e-01, 4.9120e+01
1, 5, 7.5000e+01, 2.5000e+01, 1.0000e+00, 7.7000e-02, 3.0161e+00, 3.5896e+01, 1.1024e+00, 7.1656e-01, 3.9181e+01
1, 5, 7.5000e+01, 2.5000e+01, 1.0000e+00, 1.3000e-01, 3.0161e+00, 3.5896e+01, 1.1024e+00, 7.1656e-01, 3.0860e+01
1, 5, 7.5000e+01, 2.5000e+01, 1.0000e+00, 2.1000e-01, 3.0161e+00, 3.5896e+01, 1.1024e+00, 7.1656e-01, 2.4409e+01
1, 5, 7.5000e+01, 2.5000e+01, 1.0000e+00, 3.5000e-01, 3.0161e+00, 3.5896e+01, 1.1024e+00, 7.1656e-01, 1.8699e+01
1, 5, 7.5000e+01, 2.5000e+01, 1.0000e+00, 6.0000e-01, 3.0161e+00, 3.5896e+01, 1.1024e+00, 7.1656e-01, 1.3855e+01
1, 5, 7.5000e+01, 2.5000e+01, 1.0000e+00, 9.5000e-01, 3.0161e+00, 3.5896e+01, 1.1024e+00, 7.1656e-01, 1.0568e+01
1, 5, 7.5000e+01, 2.5000e+01, 1.0000e+00, 1.7000e+00, 3.0161e+00, 3.5896e+01, 1.1024e+00, 7.1656e-01, 7.3519e+00
1, 5, 7.5000e+01, 2.5000e+01, 1.0000e+00, 3.0000e+00, 3.0161e+00, 3.5896e+01, 1.1024e+00, 7.1656e-01, 5.0490e+00
1, 5, 7.5000e+01, 2.5000e+01, 1.0000e+00, 5.1000e+00, 3.0161e+00, 3.5896e+01, 1.1024e+00, 7.1656e-01, 3.4865e+00
1, 5, 7.5000e+01, 2.5000e+01, 1.0000e+00, 8.3000e+00, 3.0161e+00, 3.5896e+01, 1.1024e+00, 7.1656e-01, 2.4417e+00
1, 5, 7.5000e+01, 2.5000e+01, 1.0000e+00, 1.2000e+01, 3.0161e+00, 3.5896e+01, 1.1024e+00, 7.1656e-01, 1.8453e+00
1, 5, 7.5000e+01, 2.5000e+01, 1.0000e+00, 1.9000e+01, 3.0161e+00, 3.5896e+01, 1.1024e+00, 7.1656e-01, 1.2853e+00
1, 5, 7.5000e+01, 2.5000e+01, 1.0000e+00, 3.0000e+01, 3.0161e+00, 3.5896e+01, 1.1024e+00, 7.1656e-01, 8.8493e-01
1, 5, 7.5000e+01, 2.5000e+01, 1.0000e+00, 4.0000e+01, 3.0161e+00, 3.5896e+01, 1.1024e+00, 7.1656e-01, 6.9461e-01
1, 5, 7.5000e+01, 2.5000e+01, 1.0000e+00, 5.0000e+01, 3.0161e+00, 3.5896e+01, 1.1024e+00, 7.1656e-01, 5.7349e-01
1, 5, 7.5000e+01, 2.5000e+01, 1.0000e+00, 6.0000e+01, 3.0161e+00, 3.5896e+01, 1.1024e+00, 7.1656e-01, 4.8920e-01
1, 5, 7.5000e+01, 2.5000e+01, 1.0000e+00, 7.0000e+01, 3.0161e+00, 3.5896e+01, 1.1024e+00, 7.1656e-01, 4.2693e-01
1, 5, 7.5000e+01, 2.5000e+01, 1.0000e+00, 8.0000e+01, 3.0161e+00, 3.5896e+01, 1.1024e+00, 7.1656e-01, 3.7896e-01
1, 5, 7.5000e+01, 2.5000e+01, 1.0000e+00, 9.9990e+01, 3.0161e+00, 3.5896e+01, 1.1024e+00, 7.1656e-01, 3.0974e-01
1, 6, 7.5000e+01, 3.0000e+01, 1.0000e+00, 5.0000e-04, 3.0161e+00, 3.5896e+01, 1.1024e+00, 7.1656e-01, 1.4467e+02
1, 6, 7.5000e+01, 3.0000e+01, 1.0000e+00, 1.0000e-03, 3.0161e+00, 3.5896e+01, 1.1024e+00, 7.1656e-01, 1.3198e+02
1, 6, 7.5000e+01, 3.0000e+01, 1.0000e+00, 3.0000e-03, 3.0161e+00, 3.5896e+01, 1.1024e+00, 7.1656e-01, 1.0693e+02
1, 6, 7.5000e+01, 3.0000e+01, 1.0000e+00, 5.0000e-03, 3.0161e+00, 3.5896e+01, 1.1024e+00, 7.1656e-01, 9.4368e+01
1, 6, 7.5000e+01, 3.0000e+01, 1.0000e+00, 1.0000e-02, 3.0161e+00, 3.5896e+01, 1.1024e+00, 7.1656e-01, 7.7484e+01
1, 6, 7.5000e+01, 3.0000e+01, 1.0000e+00, 1.6000e-02, 3.0161e+00, 3.5896e+01, 1.1024e+00, 7.1656e-01, 6.6577e+01
1, 6, 7.5000e+01, 3.0000e+01, 1.0000e+00, 2.7000e-02, 3.0161e+00, 3.5896e+01, 1.1024e+00, 7.1656e-01, 5.5274e+01
1, 6, 7.5000e+01, 3.0000e+01, 1.0000e+00, 4.5000e-02, 3.0161e+00, 3.5896e+01, 1.1024e+00, 7.1656e-01, 4.5297e+01
1, 6, 7.5000e+01, 3.0000e+01, 1.0000e+00, 7.7000e-02, 3.0161e+00, 3.5896e+01, 1.1024e+00, 7.1656e-01, 3.6066e+01
1, 6, 7.5000e+01, 3.0000e+01, 1.0000e+00, 1.3000e-01, 3.0161e+00, 3.5896e+01, 1.1024e+00, 7.1656e-01, 2.8355e+01
1, 6, 7.5000e+01, 3.0000e+01, 1.0000e+00, 2.1000e-01, 3.0161e+00, 3.5896e+01, 1.1024e+00, 7.1656e-01, 2.2391e+01
1, 6, 7.5000e+01, 3.0000e+01, 1.0000e+00, 3.5000e-01, 3.0161e+00, 3.5896e+01, 1.1024e+00, 7.1656e-01, 1.7124e+01
1, 6, 7.5000e+01, 3.0000e+01, 1.0000e+00, 6.0000e-01, 3.0161e+00, 3.5896e+01, 1.1024e+00, 7.1656e-01, 1.2664e+01
1, 6, 7.5000e+01, 3.0000e+01, 1.0000e+00, 9.5000e-01, 3.0161e+00, 3.5896e+01, 1.1024e+00, 7.1656e-01, 9.6448e+00
1, 6, 7.5000e+01, 3.0000e+01, 1.0000e+00, 1.7000e+00, 3.0161e+00, 3.5896e+01, 1.1024e+00, 7.1656e-01, 6.6962e+00
1, 6, 7.5000e+01, 3.0000e+01, 1.0000e+00, 3.0000e+00, 3.0161e+00, 3.5896e+01, 1.1024e+00, 7.1656e-01, 4.5898e+00
1, 6, 7.5000e+01, 3.0000e+01, 1.0000e+00, 5.1000e+00, 3.0161e+00, 3.5896e+01, 1.1024e+00, 7.1656e-01, 3.1637e+00
1, 6, 7.5000e+01, 3.0000e+01, 1.0000e+00, 8.3000e+00, 3.0161e+00, 3.5896e+01, 1.1024e+00, 7.1656e-01, 2.2119e+00
1, 6, 7.5000e+01, 3.0000e+01, 1.0000e+00, 1.2000e+01, 3.0161e+00, 3.5896e+01, 1.1024e+00, 7.1656e-01, 1.6696e+00
1, 6, 7.5000e+01, 3.0000e+01, 1.0000e+00, 1.9000e+01, 3.0161e+00, 3.5896e+01, 1.1024e+00, 7.1656e-01, 1.1611e+00
1, 6, 7.5000e+01, 3.0000e+01, 1.0000e+00, 3.0000e+01, 3.0161e+00, 3.5896e+01, 1.1024e+00, 7.1656e-01, 7.9814e-01
1, 6, 7.5000e+01, 3.0000e+01, 1.0000e+00, 4.0000e+01, 3.0161e+00, 3.5896e+01, 1.1024e+00, 7.1656e-01, 6.2587e-01
1, 6, 7.5000e+01, 3.0000e+01, 1.0000e+00, 5.0000e+01, 3.0161e+00, 3.5896e+01, 1.1024e+00, 7.1656e-01, 5.1635e-01
1, 6, 7.5000e+01, 3.0000e+01, 1.0000e+00, 6.0000e+01, 3.0161e+00, 3.5896e+01, 1.1024e+00, 7.1656e-01, 4.4018e-01
1, 6, 7.5000e+01, 3.0000e+01, 1.0000e+00, 7.0000e+01, 3.0161e+00, 3.5896e+01, 1.1024e+00, 7.1656e-01, 3.8395e-01
1, 6, 7.5000e+01, 3.0000e+01, 1.0000e+00, 8.0000e+01, 3.0161e+00, 3.5896e+01, 1.1024e+00, 7.1656e-01, 3.4065e-01
1, 6, 7.5000e+01, 3.0000e+01, 1.0000e+00, 9.9990e+01, 3.0161e+00, 3.5896e+01, 1.1024e+00, 7.1656e-01, 2.7821e-01
1, 7, 7.5000e+01, 3.5000e+01, 1.0000e+00, 5.0000e-04, 3.0161e+00, 3.5896e+01, 1.1024e+00, 7.1656e-01, 1.3776e+02
1, 7, 7.5000e+01, 3.5000e+01, 1.0000e+00, 1.0000e-03, 3.0161e+00, 3.5896e+01, 1.1024e+00, 7.1656e-01, 1.2545e+02
1, 7, 7.5000e+01, 3.5000e+01, 1.0000e+00, 3.0000e-03, 3.0161e+00, 3.5896e+01, 1.1024e+00, 7.1656e-01, 1.0136e+02
1, 7, 7.5000e+01, 3.5000e+01, 1.0000e+00, 5.0000e-03, 3.0161e+00, 3.5896e+01, 1.1024e+00, 7.1656e-01, 8.9336e+01
1, 7, 7.5000e+01, 3.5000e+01, 1.0000e+00, 1.0000e-02, 3.0161e+00, 3.5896e+01, 1.1024e+00, 7.1656e-01, 7.3223e+01
1, 7, 7.5000e+01, 3.5000e+01, 1.0000e+00, 1.6000e-02, 3.0161e+00, 3.5896e+01, 1.1024e+00, 7.1656e-01, 6.2841e+01
1, 7, 7.5000e+01, 3.5000e+01, 1.0000e+00, 2.7000e-02, 3.0161e+00, 3.5896e+01, 1.1024e+00, 7.1656e-01, 5.2103e+01
1, 7, 7.5000e+01, 3.5000e+01, 1.0000e+00, 4.5000e-02, 3.0161e+00, 3.5896e+01, 1.1024e+00, 7.1656e-01, 4.2643e+01
1, 7, 7.5000e+01, 3.5000e+01, 1.0000e+00, 7.7000e-02, 3.0161e+00, 3.5896e+01, 1.1024e+00, 7.1656e-01, 3.3906e+01
1, 7, 7.5000e+01, 3.5000e+01, 1.0000e+00, 1.3000e-01, 3.0161e+00, 3.5896e+01, 1.1024e+00, 7.1656e-01, 2.6622e+01
1, 7, 7.5000e+01, 3.5000e+01, 1.0000e+00, 2.1000e-01, 3.0161e+00, 3.5896e+01, 1.1024e+00, 7.1656e-01, 2.0997e+01
1, 7, 7.5000e+01, 3.5000e+01, 1.0000e+00, 3.5000e-01, 3.0161e+00, 3.5896e+01, 1.1024e+00, 7.1656e-01, 1.6036e+01
1, 7, 7.5000e+01, 3.5000e+01, 1.0000e+00, 6.0000e-01, 3.0161e+00, 3.5896e+01, 1.1024e+00, 7.1656e-01, 1.1844e+01
1, 7, 7.5000e+01, 3.5000e+01, 1.0000e+00, 9.5000e-01, 3.0161e+00, 3.5896e+01, 1.1024e+00, 7.1656e-01, 9.0094e+00
1, 7, 7.5000e+01, 3.5000e+01, 1.0000e+00, 1.7000e+00, 3.0161e+00, 3.5896e+01, 1.1024e+00, 7.1656e-01, 6.2458e+00
1, 7, 7.5000e+01, 3.5000e+01, 1.0000e+00, 3.0000e+00, 3.0161e+00, 3.5896e+01, 1.1024e+00, 7.1656e-01, 4.2749e+00
1, 7, 7.5000e+01, 3.5000e+01, 1.0000e+00, 5.1000e+00, 3.0161e+00, 3.5896e+01, 1.1024e+00, 7.1656e-01, 2.9427e+00
1, 7, 7.5000e+01, 3.5000e+01, 1.0000e+00, 8.3000e+00, 3.0161e+00, 3.5896e+01, 1.1024e+00, 7.1656e-01, 2.0549e+00
1, 7, 7.5000e+01, 3.5000e+01, 1.0000e+00, 1.2000e+01, 3.0161e+00, 3.5896e+01, 1.1024e+00, 7.1656e-01, 1.5496e+00
1, 7, 7.5000e+01, 3.5000e+01, 1.0000e+00, 1.9000e+01, 3.0161e+00, 3.5896e+01, 1.1024e+00, 7.1656e-01, 1.0764e+00
1, 7, 7.5000e+01, 3.5000e+01, 1.0000e+00, 3.0000e+01, 3.0161e+00, 3.5896e+01, 1.1024e+00, 7.1656e-01, 7.3904e-01
1, 7, 7.5000e+01, 3.5000e+01, 1.0000e+00, 4.0000e+01, 3.0161e+00, 3.5896e+01, 1.1024e+00, 7.1656e-01, 5.7910e-01
1, 7, 7.5000e+01, 3.5000e+01, 1.0000e+00, 5.0000e+01, 3.0161e+00, 3.5896e+01, 1.1024e+00, 7.1656e-01, 4.7749e-01
1, 7, 7.5000e+01, 3.5000e+01, 1.0000e+00, 6.0000e+01, 3.0161e+00, 3.5896e+01, 1.1024e+00, 7.1656e-01, 4.0686e-01
1, 7, 7.5000e+01, 3.5000e+01, 1.0000e+00, 7.0000e+01, 3.0161e+00, 3.5896e+01, 1.1024e+00, 7.1656e-01, 3.5475e-01
1, 7, 7.5000e+01, 3.5000e+01, 1.0000e+00, 8.0000e+01, 3.0161e+00, 3.5896e+01, 1.1024e+00, 7.1656e-01, 3.1464e-01
1, 7, 7.5000e+01, 3.5000e+01, 1.0000e+00, 9.9990e+01, 3.0161e+00, 3.5896e+01, 1.1024e+00, 7.1656e-01, 2.5682e-01
1, 8, 7.5000e+01, 4.0000e+01, 1.0000e+00, 5.0000e-04, 3.0161e+00, 3.5896e+01, 1.1024e+00, 7.1656e-01, 1.3287e+02
1, 8, 7.5000e+01, 4.0000e+01, 1.0000e+00, 1.0000e-03, 3.0161e+00, 3.5896e+01, 1.1024e+00, 7.1656e-01, 1.2084e+02
1, 8, 7.5000e+01, 4.0000e+01, 1.0000e+00, 3.0000e-03, 3.0161e+00, 3.5896e+01, 1.1024e+00, 7.1656e-01, 9.7432e+01
1, 8, 7.5000e+01, 4.0000e+01, 1.0000e+00, 5.0000e-03, 3.0161e+00, 3.5896e+01, 1.1024e+00, 7.1656e-01, 8.5791e+01
1, 8, 7.5000e+01, 4.0000e+01, 1.0000e+00, 1.0000e-02, 3.0161e+00, 3.5896e+01, 1.1024e+00, 7.1656e-01, 7.0226e+01
1, 8, 7.5000e+01, 4.0000e+01, 1.0000e+00, 1.6000e-02, 3.0161e+00, 3.5896e+01, 1.1024e+00, 7.1656e-01, 6.0215e+01
1, 8, 7.5000e+01, 4.0000e+01, 1.0000e+00, 2.7000e-02, 3.0161e+00, 3.5896e+01, 1.1024e+00, 7.1656e-01, 4.9877e+01
1, 8, 7.5000e+01, 4.0000e+01, 1.0000e+00, 4.5000e-02, 3.0161e+00, 3.5896e+01, 1.1024e+00, 7.1656e-01, 4.0782e+01
1, 8, 7.5000e+01, 4.0000e+01, 1.0000e+00, 7.7000e-02, 3.0161e+00, 3.5896e+01, 1.1024e+00, 7.1656e-01, 3.2394e+01
1, 8, 7.5000e+01, 4.0000e+01, 1.0000e+00, 1.3000e-01, 3.0161e+00, 3.5896e+01, 1.1024e+00, 7.1656e-01, 2.5409e+01
1, 8, 7.5000e+01, 4.0000e+01, 1.0000e+00, 2.1000e-01, 3.0161e+00, 3.5896e+01, 1.1024e+00, 7.1656e-01, 2.0022e+01
1, 8, 7.5000e+01, 4.0000e+01, 1.0000e+00, 3.5000e-01, 3.0161e+00, 3.5896e+01, 1.1024e+00, 7.1656e-01, 1.5277e+01
1, 8, 7.5000e+01, 4.0000e+01, 1.0000e+00, 6.0000e-01, 3.0161e+00, 3.5896e+01, 1.1024e+00, 7.1656e-01, 1.1272e+01
1, 8, 7.5000e+01, 4.0000e+01, 1.0000e+00, 9.5000e-01, 3.0161e+00, 3.5896e+01, 1.1024e+00, 7.1656e-01, 8.5670e+00
1, 8, 7.5000e+01, 4.0000e+01, 1.0000e+00, 1.7000e+00, 3.0161e+00, 3.5896e+01, 1.1024e+00, 7.1656e-01, 5.9325e+00
1, 8, 7.5000e+01, 4.0000e+01, 1.0000e+00, 3.0000e+00, 3.0161e+00, 3.5896e+01, 1.1024e+00, 7.1656e-01, 4.0562e+00
1, 8, 7.5000e+01, 4.0000e+01, 1.0000e+00, 5.1000e+00, 3.0161e+00, 3.5896e+01, 1.1024e+00, 7.1656e-01, 2.7893e+00
1, 8, 7.5000e+01, 4.0000e+01, 1.0000e+00, 8.3000e+00, 3.0161e+00, 3.5896e+01, 1.1024e+00, 7.1656e-01, 1.9460e+00
1, 8, 7.5000e+01, 4.0000e+01, 1.0000e+00, 1.2000e+01, 3.0161e+00, 3.5896e+01, 1.1024e+00, 7.1656e-01, 1.4664e+00
1, 8, 7.5000e+01, 4.0000e+01, 1.0000e+00, 1.9000e+01, 3.0161e+00, 3.5896e+01, 1.1024e+00, 7.1656e-01, 1.0178e+00
1, 8, 7.5000e+01, 4.0000e+01, 1.0000e+00, 3.0000e+01, 3.0161e+00, 3.5896e+01, 1.1024e+00, 7.1656e-01, 6.9820e-01
1, 8, 7.5000e+01, 4.0000e+01, 1.0000e+00, 4.0000e+01, 3.0161e+00, 3.5896e+01, 1.1024e+00, 7.1656e-01, 5.4680e-01
1, 8, 7.5000e+01, 4.0000e+01, 1.0000e+00, 5.0000e+01, 3.0161e+00, 3.5896e+01, 1.1024e+00, 7.1656e-01, 4.5067e-01
1, 8, 7.5000e+01, 4.0000e+01, 1.0000e+00, 6.0000e+01, 3.0161e+00, 3.5896e+01, 1.1024e+00, 7.1656e-01, 3.8388e-01
1, 8, 7.5000e+01, 4.0000e+01, 1.0000e+00, 7.0000e+01, 3.0161e+00, 3.5896e+01, 1.1024e+00, 7.1656e-01, 3.3461e-01
1, 8, 7.5000e+01, 4.0000e+01, 1.0000e+00, 8.0000e+01, 3.0161e+00, 3.5896e+01, 1.1024e+00, 7.1656e-01, 2.9671e-01
1, 8, 7.5000e+01, 4.0000e+01, 1.0000e+00, 9.9990e+01, 3.0161e+00, 3.5896e+01, 1.1024e+00, 7.1656e-01, 2.4208e-01
1, 9, 7.5000e+01, 4.5000e+01, 1.0000e+00, 5.0000e-04, 3.0161e+00, 3.5896e+01, 1.1024e+00, 7.1656e-01, 1.2944e+02
1, 9, 7.5000e+01, 4.5000e+01, 1.0000e+00, 1.0000e-03, 3.0161e+00, 3.5896e+01, 1.1024e+00, 7.1656e-01, 1.1761e+02
1, 9, 7.5000e+01, 4.5000e+01, 1.0000e+00, 3.0000e-03, 3.0161e+00, 3.5896e+01, 1.1024e+00, 7.1656e-01, 9.4688e+01
1, 9, 7.5000e+01, 4.5000e+01, 1.0000e+00, 5.0000e-03, 3.0161e+00, 3.5896e+01, 1.1024e+00, 7.1656e-01, 8.3317e+01
1, 9, 7.5000e+01, 4.5000e+01, 1.0000e+00, 1.0000e-02, 3.0161e+00, 3.5896e+01, 1.1024e+00, 7.1656e-01, 6.8136e+01
1, 9, 7.5000e+01, 4.5000e+01, 1.0000e+00, 1.6000e-02, 3.0161e+00, 3.5896e+01, 1.1024e+00, 7.1656e-01, 5.8386e+01
1, 9, 7.5000e+01, 4.5000e+01, 1.0000e+00, 2.7000e-02, 3.0161e+00, 3.5896e+01, 1.1024e+00, 7.1656e-01, 4.8328e+01
1, 9, 7.5000e+01, 4.5000e+01, 1.0000e+00, 4.5000e-02, 3.0161e+00, 3.5896e+01, 1.1024e+00, 7.1656e-01, 3.9487e+01
1, 9, 7.5000e+01, 4.5000e+01, 1.0000e+00, 7.7000e-02, 3.0161e+00, 3.5896e+01, 1.1024e+00, 7.1656e-01, 3.1343e+01
1, 9, 7.5000e+01, 4.5000e+01, 1.0000e+00, 1.3000e-01, 3.0161e+00, 3.5896e+01, 1.1024e+00, 7.1656e-01, 2.4567e+01
1, 9, 7.5000e+01, 4.5000e+01, 1.0000e+00, 2.1000e-01, 3.0161e+00, 3.5896e+01, 1.1024e+00, 7.1656e-01, 1.9346e+01
1, 9, 7.5000e+01, 4.5000e+01, 1.0000e+00, 3.5000e-01, 3.0161e+00, 3.5896e+01, 1.1024e+00, 7.1656e-01, 1.4751e+01
1, 9, 7.5000e+01, 4.5000e+01, 1.0000e+00, 6.0000e-01, 3.0161e+00, 3.5896e+01, 1.1024e+00, 7.1656e-01, 1.0876e+01
1, 9, 7.5000e+01, 4.5000e+01, 1.0000e+00, 9.5000e-01, 3.0161e+00, 3.5896e+01, 1.1024e+00, 7.1656e-01, 8.2608e+00
1, 9, 7.5000e+01, 4.5000e+01, 1.0000e+00, 1.7000e+00, 3.0161e+00, 3.5896e+01, 1.1024e+00, 7.1656e-01, 5.7160e+00
1, 9, 7.5000e+01, 4.5000e+01, 1.0000e+00, 3.0000e+00, 3.0161e+00, 3.5896e+01, 1.1024e+00, 7.1656e-01, 3.9051e+00
1, 9, 7.5000e+01, 4.5000e+01, 1.0000e+00, 5.1000e+00, 3.0161e+00, 3.5896e+01, 1.1024e+00, 7.1656e-01, 2.6835e+00
1, 9, 7.5000e+01, 4.5000e+01, 1.0000e+00, 8.3000e+00, 3.0161e+00, 3.5896e+01, 1.1024e+00, 7.1656e-01, 1.8709e+00
1, 9, 7.5000e+01, 4.5000e+01, 1.0000e+00, 1.2000e+01, 3.0161e+00, 3.5896e+01, 1.1024e+00, 7.1656e-01, 1.4092e+00
1, 9, 7.5000e+01, 4.5000e+01, 1.0000e+00, 1.9000e+01, 3.0161e+00, 3.5896e+01, 1.1024e+00, 7.1656e-01, 9.7739e-01
1, 9, 7.5000e+01, 4.5000e+01, 1.0000e+00, 3.0000e+01, 3.0161e+00, 3.5896e+01, 1.1024e+00, 7.1656e-01, 6.7009e-01
1, 9, 7.5000e+01, 4.5000e+01, 1.0000e+00, 4.0000e+01, 3.0161e+00, 3.5896e+01, 1.1024e+00, 7.1656e-01, 5.2458e-01
1, 9, 7.5000e+01, 4.5000e+01, 1.0000e+00, 5.0000e+01, 3.0161e+00, 3.5896e+01, 1.1024e+00, 7.1656e-01, 4.3223e-01
1, 9, 7.5000e+01, 4.5000e+01, 1.0000e+00, 6.0000e+01, 3.0161e+00, 3.5896e+01, 1.1024e+00, 7.1656e-01, 3.6808e-01
1, 9, 7.5000e+01, 4.5000e+01, 1.0000e+00, 7.0000e+01, 3.0161e+00, 3.5896e+01, 1.1024e+00, 7.1656e-01, 3.2077e-01
1, 9, 7.5000e+01, 4.5000e+01, 1.0000e+00, 8.0000e+01, 3.0161e+00, 3.5896e+01, 1.1024e+00, 7.1656e-01, 2.8438e-01
1, 9, 7.5000e+01, 4.5000e+01, 1.0000e+00, 9.9990e+01, 3.0161e+00, 3.5896e+01, 1.1024e+00, 7.1656e-01, 2.3196e-01
1, 10, 7.5000e+01, 5.0000e+01, 1.0000e+00, 5.0000e-04, 3.0161e+00, 3.5896e+01, 1.1024e+00, 7.1656e-01, 1.2710e+02
1, 10, 7.5000e+01, 5.0000e+01, 1.0000e+00, 1.0000e-03, 3.0161e+00, 3.5896e+01, 1.1024e+00, 7.1656e-01, 1.1541e+02
1, 10, 7.5000e+01, 5.0000e+01, 1.0000e+00, 3.0000e-03, 3.0161e+00, 3.5896e+01, 1.1024e+00, 7.1656e-01, 9.2819e+01
1, 10, 7.5000e+01, 5.0000e+01, 1.0000e+00, 5.0000e-03, 3.0161e+00, 3.5896e+01, 1.1024e+00, 7.1656e-01, 8.1632e+01
1, 10, 7.5000e+01, 5.0000e+01, 1.0000e+00, 1.0000e-02, 3.0161e+00, 3.5896e+01, 1.1024e+00, 7.1656e-01, 6.6715e+01
1, 10, 7.5000e+01, 5.0000e+01, 1.0000e+00, 1.6000e-02, 3.0161e+00, 3.5896e+01, 1.1024e+00, 7.1656e-01, 5.7143e+01
1, 10, 7.5000e+01, 5.0000e+01, 1.0000e+00, 2.7000e-02, 3.0161e+00, 3.5896e+01, 1.1024e+00, 7.1656e-01, 4.7275e+01
1, 10, 7.5000e+01, 5.0000e+01, 1.0000e+00, 4.5000e-02, 3.0161e+00, 3.5896e+01, 1.1024e+00, 7.1656e-01, 3.8609e+01
1, 10, 7.5000e+01, 5.0000e+01, 1.0000e+00, 7.7000e-02, 3.0161e+00, 3.5896e+01, 1.1024e+00, 7.1656e-01, 3.0630e+01
1, 10, 7.5000e+01, 5.0000e+01, 1.0000e+00, 1.3000e-01, 3.0161e+00, 3.5896e+01, 1.1024e+00, 7.1656e-01, 2.3996e+01
1, 10, 7.5000e+01, 5.0000e+01, 1.0000e+00, 2.1000e-01, 3.0161e+00, 3.5896e+01, 1.1024e+00, 7.1656e-01, 1.8888e+01
1, 10, 7.5000e+01, 5.0000e+01, 1.0000e+00, 3.5000e-01, 3.0161e+00, 3.5896e+01, 1.1024e+00, 7.1656e-01, 1.4395e+01
1, 10, 7.5000e+01, 5.0000e+01, 1.0000e+00, 6.0000e-01, 3.0161e+00, 3.5896e+01, 1.1024e+00, 7.1656e-01, 1.0607e+01
1, 10, 7.5000e+01, 5.0000e+01, 1.0000e+00, 9.5000e-01, 3.0161e+00, 3.5896e+01, 1.1024e+00, 7.1656e-01, 8.0536e+00
1, 10, 7.5000e+01, 5.0000e+01, 1.0000e+00, 1.7000e+00, 3.0161e+00, 3.5896e+01, 1.1024e+00, 7.1656e-01, 5.5695e+00
1, 10, 7.5000e+01, 5.0000e+01, 1.0000e+00, 3.0000e+00, 3.0161e+00, 3.5896e+01, 1.1024e+00, 7.1656e-01, 3.8030e+00
1, 10, 7.5000e+01, 5.0000e+01, 1.0000e+00, 5.1000e+00, 3.0161e+00, 3.5896e+01, 1.1024e+00, 7.1656e-01, 2.6120e+00
1, 10, 7.5000e+01, 5.0000e+01, 1.0000e+00, 8.3000e+00, 3.0161e+00, 3.5896e+01, 1.1024e+00, 7.1656e-01, 1.8202e+00
1, 10, 7.5000e+01, 5.0000e+01, 1.0000e+00, 1.2000e+01, 3.0161e+00, 3.5896e+01, 1.1024e+00, 7.1656e-01, 1.3705e+00
1, 10, 7.5000e+01, 5.0000e+01, 1.0000e+00, 1.9000e+01, 3.0161e+00, 3.5896e+01, 1.1024e+00, 7.1656e-01, 9.5017e-01
1, 10, 7.5000e+01, 5.0000e+01, 1.0000e+00, 3.0000e+01, 3.0161e+00, 3.5896e+01, 1.1024e+00, 7.1656e-01, 6.5115e-01
1, 10, 7.5000e+01, 5.0000e+01, 1.0000e+00, 4.0000e+01, 3.0161e+00, 3.5896e+01, 1.1024e+00, 7.1656e-01, 5.0961e-01
1, 10, 7.5000e+01, 5.0000e+01, 1.0000e+00, 5.0000e+01, 3.0161e+00, 3.5896e+01, 1.1024e+00, 7.1656e-01, 4.1981e-01
1, 10, 7.5000e+01, 5.0000e+01, 1.0000e+00, 6.0000e+01, 3.0161e+00, 3.5896e+01, 1.1024e+00, 7.1656e-01, 3.5744e-01
1, 10, 7.5000e+01, 5.0000e+01, 1.0000e+00, 7.0000e+01, 3.0161e+00, 3.5896e+01, 1.1024e+00, 7.1656e-01, 3.1146e-01
1, 10, 7.5000e+01, 5.0000e+01, 1.0000e+00, 8.0000e+01, 3.0161e+00, 3.5896e+01, 1.1024e+00, 7.1656e-01, 2.7609e-01
1, 10, 7.5000e+01, 5.0000e+01, 1.0000e+00, 9.9990e+01, 3.0161e+00, 3.5896e+01, 1.1024e+00, 7.1656e-01, 2.2514e-01
