# This file is generated on 28-Nov-2021 at 21:55:47 and contains for each site, each satellite, frequency:
# att_vap = attenuation due to water vapor (dB).
# All parameters are computed by: ITU-R P.676-8 model general method.
# Attenuation due to water vapor results are sorted acording to the site identification number:
#    _ 1 = Kaena (Lat = 2.1330e+01 deg, Lon = -1.5814e+02 deg, Alt = 4.6000e-01 km)
# Stored values are organised as follow:
# Site number, Satellite number, Frequency (GHz), Elevation angle (deg), Elevation probability (), att_vap (dB)
1, 1, 7.5000e+01, 5.0000e+00, 1.0000e+00, 3.6033e+00
1, 2, 7.5000e+01, 1.0000e+01, 1.0000e+00, 1.8448e+00
1, 3, 7.5000e+01, 1.5000e+01, 1.0000e+00, 1.2426e+00
1, 4, 7.5000e+01, 2.0000e+01, 1.0000e+00, 9.4161e-01
1, 5, 7.5000e+01, 2.5000e+01, 1.0000e+00, 7.6253e-01
1, 6, 7.5000e+01, 3.0000e+01, 1.0000e+00, 6.4474e-01
1, 7, 7.5000e+01, 3.5000e+01, 1.0000e+00, 5.6215e-01
1, 8, 7.5000e+01, 4.0000e+01, 1.0000e+00, 5.0169e-01
1, 9, 7.5000e+01, 4.5000e+01, 1.0000e+00, 4.5610e-01
1, 10, 7.5000e+01, 5.0000e+01, 1.0000e+00, 4.2104e-01
