# This file is generated on 06-Dec-2021 at 11:44:49 and contains for each site:
# press = air total pressure (hPa); temp = air temperature (K); vap = water vapour density (g/m^3) and hl = height level of reference amsl (km).
# All parameters are computed by: ITU-R P.835-4 model on Mean annual period.
# Atmospheric results are sorted acording to the site identification number:
#    _ 1 = Budapest (Lat = 4.7498e+01 deg, Lon = 1.9040e+01 deg, Alt = 5.2700e-01 km)
# Stored values are organised as follow:
# Site number, height level of reference amsl (km), press (hPa), temp (K), vap (g/m^3)
1, 5.2700e-01, 9.5143e+02, 2.8472e+02, 5.7627e+00
